;;;;;;
bbc.co.uk;;;;;;
bbc.com;;;;;;
nytimes.com;;;;;;
cnn.com;;;;;;
dailymail.co.uk;;;;;;
theguardian.com;;;;;;
foxnews.com;;;;;;
news.yahoo.com;;;;;;
finance.yahoo.com;;;;;;
indiatimes.com;;;;;;
timesofindia.com;;;;;;
usatoday.com;;;;;;
the-sun.com;;;;;;
nypost.com;;;;;;
hindustantimes.com;;;;;;
news18.com;;;;;;
forbes.com;;;;;;
ndtv.com;;;;;;
cnbc.com;;;;;;
indianexpress.com;;;;;;
businessinsider.com;;;;;;
newsbreak.com;;;;;;
newsweek.com;;;;;;
theyeshivaworld.com;;;;;;
apnews.com;;;;;;
cbsnews.com;;;;;;
nbcnews.com;;;;;;
cbsnews.com;;;;;;
buzzfeed.com;;;;;;
politico.com;;;;;;
euronews.com;;;;;;
politico.eu;;;;;;
trend.az;;;;;;
thelocal.com;;;;;;
rferl.org;;;;;;
voxeurop.eu;;;;;;
electropiknik.cz;;;;;;
baltictimes.com;;;;;;
the-european-times.com;;;;;;
ouest-france.fr;;;;;;
lefigaro.fr;;;;;;
lemonde.fr;;;;;;
france24.com;;;;;;
rfi.fr;;;;;;
mediapart.fr;;;;;;
leparisien.fr;;;;;;
bild.de;;;;;;
t-online.de;;;;;;
tagesschau.de;;;;;;
n-tv.de;;;;;;
spiegel.de;;;;;;
repubblica.it;;;;;;
corriere.it;;;;;;
ansa.it;;;;;;
ilfattoquotidiano.it;;;;;;
elmundo.es;;;;;;
abc.es;;;;;;
lavanguardia.com;;;;;;
elconfidencial.com;;;;;;
nieuwsblad.be;;;;;;
sudinfo.be;;;;;;
rtbf.be;;;;;;
wort.lu;;;;;;
lequotidien.lu;;;;;;
aftonbladet.se;;;;;;
expressen.se;;;;;;
dn.se;;;;;;
svd.se;;;;;;
naftemporiki.gr;;;;;;
kathimerini.gr;;;;;;
news247.gr;;;;;;
cnn.gr;;;;;;
hurriyet.com.tr;;;;;;
milliyet.com.tr;;;;;;
mynet.com;;;;;;
sozcu.com.tr;;;;;;
sabah.com.tr;;;;;;
krone.at;;;;;;
heute.at;;;;;;
oe24.at;;;;;;
gmx.at;;;;;;
meinbezirk.at;;;;;;
startlap.hu;;;;;;
portfolio.hu;;;;;;
index.hu;;;;;;
youm7.com;;;;;;
skynewsarabia.com;;;;;;
20min.ch;;;;;;
blick.ch;;;;;;
watson.ch;;;;;;
aajtak.in;;;;;;
indiatimes.com;;;;;;
independent.ie;;;;;;
rte.ie;;;;;;
irishtimes.com;;;;;;
aljazeera.net;;;;;;
hespress.com;;;;;;
akhbarona.com;;;;;;
al9anat.com;;;;;;
news.com.au;;;;;;
abc.net.au;;;;;;
yahoo.com;;;;;;
9news.com.au;;;;;;
hk01.com;;;;;;
on.cc;;;;;;
kompas.com;;;;;;
cnbcindonesia.com;;;;;;
tribunnews.com;;;;;;
detik.com;;;;;;
globo.com;;;;;;
terra.com.br;;;;;;
uol.com.br;;;;;;
cnnbrasil.com.br;;;;;;
malaysiakini.com;;;;;;
hmetro.com.my;;;;;;
thestar.com.my;;;;;;
naver.com;;;;;;
chosun.com;;;;;;
express.pk;;;;;;
dawn.com;;;;;;
jang.com.pk;;;;;;
inquirer.net;;;;;;
rappler.com;;;;;;
nu.nl;;;;;;
rtlnieuws.nl;;;;;;
rbc.ru;;;;;;
ria.ru;;;;;;
rambler.ru;;;;;;
news.mail.ru;;;;;;
aljazeera.com;;;;;;
wp.pl;;;;;;
onet.pl;;;;;;
interia.pl;;;;;;
o2.pl;;;;;;
gazeta.pl;;;;;;
ukr.net;;;;;;
pravda.com.ua;;;;;;
tsn.ua;;;;;;
argaam.com;;;;;;
aktuality.sk;;;;;;
cas.sk;;;;;;
sme.sk;;;;;;
pravda.sk;;;;;;
topky.sk;;;;;;
vg.no;;;;;;
dagbladet.no;;;;;;
nettavisen.no;;;;;;
e24.no;;;;;;
abcnyheter.no;;;;;;
indiansinkuwait.com;;;;;;
infobae.com;;;;;;
lanacion.com.ar;;;;;;
clarin.com;;;;;;
ambito.com;;;;;;
pagina12.com.ar;;;;;;
abv.bg;;;;;;
24chasa.bg;;;;;;
blitz.bg;;;;;;
novini.bg;;;;;;
marica.bg;;;;;;
cbc.ca;;;;;;
ctvnews.ca;;;;;;
mako.co.il;;;;;;
walla.co.il;;;;;;
ynet.co.il;;;;;;
haaretz.co.il;;;;;;
nzherald.co.nz;;;;;;
rnz.co.nz;;;;;;
elcomercio.pe;;;;;;
larepublica.pe;;;;;;
rpp.pe;;;;;;
adevarul.ro;;;;;;
libertatea.ro;;;;;;
stiripesurse.ro;;;;;;
sapo.pt;;;;;;
record.pt;;;;;;
iol.pt;;;;;;
publico.pt;;;;;;
cmjornal.pt;;;;;;
kurir.rs;;;;;;
blic.rs;;;;;;
telegraf.rs;;;;;;
mondo.rs;;;;;;
larepublica.pe;;;;;;
primicia.com.ve;;;;;;
vnexpress.net;;;;;;
24h.com.vn;;;;;;
dantri.com.vn;;;;;;
tuoitre.vn;;;;;;
thanhnien.vn;;;;;;
khaleejtimes.com;;;;;;
gulfnews.com;;;;;;
manoramaonline.com;;;;;;
mathrubhumi.com;;;;;;
index.hr;;;;;;
jutarnji.hr;;;;;;
vecernji.hr;;;;;;
24sata.hr;;;;;;
slobodnadalmacija.hr;;;;;;
news24.com;;;;;;
timeslive.co.za;;;;;;
citizen.co.za;;;;;;
ltn.com.tw;;;;;;
